{"P2ILF_3D_contours": {"Distances": {"distNN_diff": 6.345692173253103, "distHF": 10.254341125488281}}}